Source;Target;Attribute
reality_matthew;reality_matthew;0
-NeutralE;reality_matthew;0
AlbaNera;reality_matthew;0
AlbaNera;Travertino;0
Lasp94;reality_matthew;0
Cybermanxx;reality_matthew;0
Dracogame;reality_matthew;0
Dracogame;WrongConversation6;0
Euromymous;reality_matthew;0
Felson79;reality_matthew;0
Filogiallo6;reality_matthew;0
Fox1998;reality_matthew;0
FurlanPinou;reality_matthew;0
Iridium_rd;reality_matthew;0
AzelMeadows;reality_matthew;0
K-Panggg;reality_matthew;0
LuciferSam86;reality_matthew;0
xMrVideo;reality_matthew;0
sneakpeekbot;reality_matthew;0
Meerkieker;reality_matthew;0
MeglioMorto;reality_matthew;0
MyPaologexaccount;reality_matthew;0
Noneeta522u;reality_matthew;0
Noneetakmmd;reality_matthew;0
Noneetb1d4u;reality_matthew;0
Noneetbij4r;reality_matthew;0
Noneetbs5rr;reality_matthew;0
OctoSim;reality_matthew;0
Mar_Kell;reality_matthew;0
Noneeta97mw;reality_matthew;0
SergenteA;reality_matthew;0
Lorettooooooooo;reality_matthew;0
Lorettooooooooo;Travertino;0
heavp;reality_matthew;0
aragost;reality_matthew;0
Noneetbs1ve;reality_matthew;0
CagoSuiFornelli;reality_matthew;0
SnorriSturluson;reality_matthew;0
SnorriSturluson;qalmakka;0
Thecristo96;reality_matthew;0
Thecristo96;Travertino;0
kidmenot;reality_matthew;0
kidmenot;WrongConversation6;0
SMN08;reality_matthew;0
Midnightborn;reality_matthew;0
OMGPowerful;reality_matthew;0
mogliemadregiacchia;reality_matthew;0
coverlaguerradipiero;reality_matthew;0
coverlaguerradipiero;WrongConversation6;0
Skotadi-XCIX;reality_matthew;0
TinTamarro;reality_matthew;0
Yagamizero;reality_matthew;0
ackolla;reality_matthew;0
alli_golightly;reality_matthew;0
blackwylde;reality_matthew;0
gfleck;reality_matthew;0
hayarms;reality_matthew;0
hizamalik;reality_matthew;0
italianjob17;reality_matthew;0
pondythecoolest;reality_matthew;0
radazack;reality_matthew;0
MagnificoReattore;reality_matthew;0
uncertolivello;reality_matthew;0
zacatariano;reality_matthew;0
zuppaiaia;reality_matthew;0
zuppaiaia;qalmakka;0
WrongConversation6;WrongConversation6;0
Dogghi;WrongConversation6;0
GentleFriendlyWhale;WrongConversation6;0
HidanSensei;WrongConversation6;0
Karatus90;WrongConversation6;0
Elios4Freedom;WrongConversation6;0
JessicoFletcher;WrongConversation6;0
KrZ120;WrongConversation6;0
KujitoX;WrongConversation6;0
Kurai83;WrongConversation6;0
RemtonJDulyak;WrongConversation6;0
RemtonJDulyak;qalmakka;0
_poladroid_;WrongConversation6;0
beatlepus;WrongConversation6;0
Matsu906;WrongConversation6;0
MegBruni;WrongConversation6;0
Nonegjcvbei;WrongConversation6;0
Nonegjd2xan;WrongConversation6;0
SimoneNoX;WrongConversation6;0
VolpeConGliOcchiali;WrongConversation6;0
Fix0000;WrongConversation6;0
MacTelnet;WrongConversation6;0
S4rdus;WrongConversation6;0
stefanozz0;WrongConversation6;0
Nonegjdqq14;WrongConversation6;0
Iagos_Beard;WrongConversation6;0
Iagos_Beard;Travertino;0
Nonegjdrvmz;WrongConversation6;0
Nonegjckupp;WrongConversation6;0
GeneraleRusso;WrongConversation6;0
GeneraleRusso;qalmakka;0
Acerpwns;WrongConversation6;0
FelixITA;WrongConversation6;0
ItalyPaleAle;WrongConversation6;0
NakataFromNagano;WrongConversation6;0
Nonegjcoe56;WrongConversation6;0
Nonegjdgfmp;WrongConversation6;0
wemake88;WrongConversation6;0
paliktrikster;WrongConversation6;0
Nonegje144e;WrongConversation6;0
Nonegjfppn0;WrongConversation6;0
OrcoBalorco;WrongConversation6;0
Nonegjfimyc;WrongConversation6;0
talentedtimetraveler;WrongConversation6;0
_matteo;WrongConversation6;0
_matteo;qalmakka;0
Pak95;WrongConversation6;0
theendlessnot;WrongConversation6;0
nanny07;WrongConversation6;0
ammazza_che_mazza;WrongConversation6;0
DBio616;WrongConversation6;0
thestormz;WrongConversation6;0
banelicious;WrongConversation6;0
banelicious;Travertino;0
emarsk;WrongConversation6;0
DeeoKan;WrongConversation6;0
DeeoKan;qalmakka;0
kiki_bridges;WrongConversation6;0
ElyasBackpack;WrongConversation6;0
Giovanni_Senzaterra;WrongConversation6;0
MastroLindo19;WrongConversation6;0
NicolBolasUBBBR;WrongConversation6;0
Nonegjcolvk;WrongConversation6;0
gianni_movandi;WrongConversation6;0
gianzu;WrongConversation6;0
ilritorno;WrongConversation6;0
mangioplacente;WrongConversation6;0
Basileus_ITA;WrongConversation6;0
SpleenSplitter;WrongConversation6;0
Toshero;WrongConversation6;0
Viaggiareinbici;WrongConversation6;0
KingMatt46;WrongConversation6;0
Salam-1;WrongConversation6;0
janeshep;WrongConversation6;0
Prisencolinensinai;WrongConversation6;0
deathf4n;WrongConversation6;0
Joao_Gaglio;WrongConversation6;0
MtDorp96;WrongConversation6;0
MtDorp96;Travertino;0
Nonegjcu2gy;WrongConversation6;0
RedditItalyBot;WrongConversation6;0
PointyRedDrop;WrongConversation6;0
Zumpapapa;WrongConversation6;0
glukosio;WrongConversation6;0
-Rivox-;WrongConversation6;0
tribdol;WrongConversation6;0
turbodumpster;WrongConversation6;0
NateHatred;WrongConversation6;0
Nonegjg6adr;WrongConversation6;0
ProstMeister;WrongConversation6;0
fgh675sv;WrongConversation6;0
Quwada;WrongConversation6;0
Hattarottattaan3;WrongConversation6;0
S7ormstalker;WrongConversation6;0
misscioppi;WrongConversation6;0
seekr_io;WrongConversation6;0
tecnofauno;WrongConversation6;0
Check-Happy;WrongConversation6;0
Nonegjcqgxx;WrongConversation6;0
Nonegjctwy6;WrongConversation6;0
ima_leafonthewind;WrongConversation6;0
immaginiBot;WrongConversation6;0
immaginiBot;qalmakka;0
DrLimp;WrongConversation6;0
gulliverberg;WrongConversation6;0
thepoddo;WrongConversation6;0
thepoddo;Travertino;0
pokeyuke;WrongConversation6;0
riffraff;WrongConversation6;0
ecoxix19;WrongConversation6;0
simencioo;WrongConversation6;0
lorenzoscienz;WrongConversation6;0
tooorteli;WrongConversation6;0
trugoyo;WrongConversation6;0
xenon_megablast;WrongConversation6;0
xenon_megablast;qalmakka;0
xevizero;WrongConversation6;0
Ser_Lotras;WrongConversation6;0
Matteo_Coarezza;WrongConversation6;0
Nonegjdczg4;WrongConversation6;0
rawghi;WrongConversation6;0
anitalianguy;WrongConversation6;0
herodov;WrongConversation6;0
syxa;WrongConversation6;0
franklollo;WrongConversation6;0
franklollo;qalmakka;0
qalmakka;qalmakka;0
4S4T0R;qalmakka;0
655321federico;qalmakka;0
AdviceNeedexX;qalmakka;0
Alefie2;qalmakka;0
AostaValley;qalmakka;0
AvengerDr;qalmakka;0
ElectroHash;qalmakka;0
Gensinora;qalmakka;0
losforesteros;qalmakka;0
mistolo;qalmakka;0
ImmersusEmergo;qalmakka;0
DanziRevenge;qalmakka;0
CICaesar;qalmakka;0
Nonegxql5qm;qalmakka;0
Nonegxqo33i;qalmakka;0
hosvir_;qalmakka;0
Nonegxrdic8;qalmakka;0
antonioh501;qalmakka;0
arshesney;qalmakka;0
Middle-Necessary-846;qalmakka;0
Nonegxqa3sw;qalmakka;0
G3Kappa;qalmakka;0
AuroraBoreale22;qalmakka;0
Nonegxqkyya;qalmakka;0
danirijeka;qalmakka;0
esseti;qalmakka;0
Tythan;qalmakka;0
duca86;qalmakka;0
forghett;qalmakka;0
geebeem92;qalmakka;0
giacomo_tb21;qalmakka;0
sardus76;qalmakka;0
gitty7456;qalmakka;0
Baffoforever;qalmakka;0
Bianconos;qalmakka;0
jigen17rn;qalmakka;0
luomoqualunque;qalmakka;0
Togonero85;qalmakka;0
Fenor;qalmakka;0
Nonegxq81v9;qalmakka;0
Nonegxqbsps;qalmakka;0
Nonegxqmu6e;qalmakka;0
Ionti;qalmakka;0
Nonegxqyrys;qalmakka;0
Nonegxrleuz;qalmakka;0
Nonegxrsmol;qalmakka;0
abearaman;qalmakka;0
Turbulent_Property_4;qalmakka;0
alebianco;qalmakka;0
Opethrator;qalmakka;0
LBreda;qalmakka;0
LBreda;Travertino;0
xorgol;qalmakka;0
BidetTheorist;qalmakka;0
Clear-Mud46;qalmakka;0
ellermg;qalmakka;0
Cruci96;qalmakka;0
Filo83;qalmakka;0
SimoFIRE;qalmakka;0
SulphaTerra;qalmakka;0
DoggoSuperWow;qalmakka;0
Groundbreaking-Rip-2;qalmakka;0
astrotiz;qalmakka;0
glamismac;qalmakka;0
DailyShawarma;qalmakka;0
JustSomebody56;qalmakka;0
wawawiwowa;qalmakka;0
cassius8891;qalmakka;0
danielecanti;qalmakka;0
redkakania;qalmakka;0
Dokolovski;qalmakka;0
Egisto98;qalmakka;0
Eraser723;qalmakka;0
Feedback-Mental;qalmakka;0
FenriX89;qalmakka;0
Fkappa;qalmakka;0
sicremo78;qalmakka;0
Gbekss;qalmakka;0
Gullible-Advantage8;qalmakka;0
HolyJesusOnAToast;qalmakka;0
Jkal91;qalmakka;0
Jkal91;Travertino;0
Another_Throwaway_3;qalmakka;0
Lukabacca;qalmakka;0
TheItalianDonkey;qalmakka;0
Marca81;qalmakka;0
InSRCommentPostsYou;qalmakka;0
eover;qalmakka;0
oumamioh;qalmakka;0
stockdiggerITA86;qalmakka;0
tonidarialto;qalmakka;0
Guerriky;qalmakka;0
venti2;qalmakka;0
venti2;Travertino;0
Massenzio;qalmakka;0
Massenzio;Travertino;0
Mech-maniac;qalmakka;0
No_Psychology278;qalmakka;0
Nonegxq5fe6;qalmakka;0
PattaYourDealer;qalmakka;1
alessap;qalmakka;1
-Edoardo-;qalmakka;1
pieceofcrazy;qalmakka;1
iddqdtime;qalmakka;1
RagesJam;qalmakka;1
FinanceSorry2530;qalmakka;1
Lilluzzo;qalmakka;1
drivinward;qalmakka;1
thewrongairport;qalmakka;1
The_Giant_Lizard;qalmakka;1
Aksel_Newt;qalmakka;1
tabiva;qalmakka;1
YraGhore;qalmakka;1
Nonegxqc65k;qalmakka;1
2Punx2Furious;qalmakka;1
Nonegxqngpx;qalmakka;1
Nonegxqdlpx;qalmakka;1
Nonegxqecwl;qalmakka;1
Davi_19;qalmakka;1
Nonegxqeysa;qalmakka;1
Nonegxqgnr7;qalmakka;1
neirein;qalmakka;1
Nonegxqf5pt;qalmakka;1
Nonegxqi9fc;qalmakka;1
anddam;qalmakka;1
Nonegxqlhya;qalmakka;1
Nonegxrup19;qalmakka;1
PRAV01;qalmakka;1
Nonegxu0hrw;qalmakka;1
Parabrezza69;qalmakka;1
Pausto_Fapetti;qalmakka;1
PiccionePolemico;qalmakka;1
Pushalt_plusf4;qalmakka;1
Ichisuke83;qalmakka;1
Iupavol;qalmakka;1
Montecchio1;qalmakka;1
Nonegxqvc6l;qalmakka;1
Nonegxqx0pc;qalmakka;1
barrettadk;qalmakka;1
GaspacioPistaccioni;qalmakka;1
RazerPSN;qalmakka;1
giovy__s;qalmakka;1
laker88;qalmakka;1
lorenzotinzenzo;qalmakka;1
lorenzomiglie;qalmakka;1
cappedan;qalmakka;1
utilititties;qalmakka;1
walter1974;qalmakka;1
geggino;qalmakka;1
th4;qalmakka;1
Golvellius;qalmakka;1
Cpt_Nightfall;qalmakka;1
vnewoif;qalmakka;1
Scimmia8;qalmakka;1
SeaWoodpecker5320;qalmakka;1
Senpumaru;qalmakka;1
undiscovered_soul;qalmakka;1
Splatterh0use;qalmakka;1
Impiccment;qalmakka;1
WeissRaben;qalmakka;1
Lamesonlmsn;qalmakka;1
Sykez_42;qalmakka;1
SebVettel02;qalmakka;1
TEX_flip;qalmakka;1
Travertino;qalmakka;1
Gattamelat4;qalmakka;1
VanDeSpooks;qalmakka;1
ViVilma;qalmakka;1
Thisistheusername12;qalmakka;1
Wabbajack0;qalmakka;1
DysphoriaGML;qalmakka;1
asalerre;qalmakka;1
bertewoods;qalmakka;1
brbellissimo;qalmakka;1
cyangold_saber55;qalmakka;1
digoz;qalmakka;1
fradetti;qalmakka;1
swissiws;qalmakka;1
ghirea;qalmakka;1
giaconoresea;qalmakka;1
MantoKnot99;qalmakka;1
Nonegxq90qm;qalmakka;1
NovaPrime86;qalmakka;1
Gbbosco;qalmakka;1
Holy_Ravioli_;qalmakka;1
Nonegxqi5ej;qalmakka;1
St4rdel;qalmakka;1
eXo82;qalmakka;1
pizzaKru;qalmakka;1
giavlaz;qalmakka;1
iperblaster;qalmakka;1
lambda_x_lambda_y_y;qalmakka;1
luckypats;qalmakka;1
marmellata92;qalmakka;1
AsterUwU;qalmakka;1
Nonegxr5j44;qalmakka;1
Nonegy45dvi;qalmakka;1
Nonegy45l6s;qalmakka;1
ParloPoco;qalmakka;1
angg_;qalmakka;1
ripp102;qalmakka;1
lilfanget;qalmakka;1
MicheleCaracas;qalmakka;1
gnowwho;qalmakka;1
Rais93;qalmakka;1
Nonegxq9q73;qalmakka;1
demonblack873;qalmakka;1
viceportalettere;qalmakka;1
mat738;qalmakka;1
mazza85;qalmakka;1
melchisiade;qalmakka;1
nonsonopenelope;qalmakka;1
paitris;qalmakka;1
q9c9p;qalmakka;1
rotondof;qalmakka;1
sbrockLee;qalmakka;1
q-Lo;qalmakka;1
ship00p1;qalmakka;1
NuevoPeru;qalmakka;1
subsonico;qalmakka;1
Nonegxqgdm1;qalmakka;1
AlesSarda;qalmakka;1
paganino;qalmakka;1
asyd0;qalmakka;1
tartare4562;qalmakka;1
tinomotta;qalmakka;1
unironicallymyself;qalmakka;1
ursvamp83;qalmakka;1
vDarph;qalmakka;1
xiloto91;qalmakka;1
0fiuco;Travertino;1
Atanvarno94;Travertino;1
Noneewl72ih;Travertino;1
Uhhlaneuh;Travertino;1
Brainlaag;Travertino;1
danot_;Travertino;1
CaptnLoken;Travertino;1
Doxep;Travertino;1
Duchessa_Neronda;Travertino;1
DopeBergoglio;Travertino;1
Wongfeihong;Travertino;1
Noneewlz025;Travertino;1
FBlack;Travertino;1
Rivka333;Travertino;1
K1ng_of_F1lth_1;Travertino;1
Leonard_Shea;Travertino;1
Liar0s;Travertino;1
Noneewmf90b;Travertino;1
Noodles_Crusher;Travertino;1
G48R0;Travertino;1
Wefeh;Travertino;1
gegemix;Travertino;1
ConteDraculo;Travertino;1
PinoLG01;Travertino;1
Kralizek82;Travertino;1
Noneewlaqyy;Travertino;1
allak;Travertino;1
bigtips;Travertino;1
Hank96;Travertino;1
Noneewl7cd4;Travertino;1
Rookie64v;Travertino;1
SpaceShipRat;Travertino;1
mttdesignz;Travertino;1
JebediahKerman3999;Travertino;1
Marlsboro;Travertino;1
MinskAtLit;Travertino;1
rachelfioree;Travertino;1
Noneewlcui8;Travertino;1
Aradalf91;Travertino;1
Talpaman;Travertino;1
fagendaz;Travertino;1
liberodaniele;Travertino;1
Mxswat;Travertino;1
Noneewlawit;Travertino;1
Narraboth;Travertino;1
Noneewisio8;Travertino;1
PreviouslyMannara;Travertino;1
Noneewixv5j;Travertino;1
Noneewj3w23;Travertino;1
RealitySculptor;Travertino;1
failberry;Travertino;1
tachanka_senaviev;Travertino;1
Noneewjhc9l;Travertino;1
Noneewjpyx3;Travertino;1
francohab;Travertino;1
Noneewkc8tv;Travertino;1
Noneewkctu2;Travertino;1
ciabattabing16;Travertino;1
portalettere;Travertino;1
Ph3NiX47;Travertino;1
Guido_Fe;Travertino;1
JackHeuston;Travertino;1
gengivah;Travertino;1
one1d;Travertino;1
SirCacto;Travertino;1
AlexzombieEE;Travertino;1
Fredditorsons;Travertino;1
nunziantimo;Travertino;1
cybertex1969;Travertino;1
incer;Travertino;1
hadbetterdaysbefore;Travertino;1
Stoicismus;Travertino;1
Pollotosto;Travertino;1
isabelladangelo;Travertino;1
Jukolet;Travertino;1
Vislushni;Travertino;1
Makerinos;Travertino;1
Fomentatore;Travertino;1
Noneewk34xc;Travertino;1
KlNGROBERT;Travertino;1
Noneewka7u0;Travertino;1
IamAlightbulbAMA;Travertino;1
Noneewkae10;Travertino;1
Noneewj7vns;Travertino;1
Noneewja4ez;Travertino;1
Noneewmakv3;Travertino;1
Noneewjdzfc;Travertino;1
Noneewjkn6k;Travertino;1
alingellos;Travertino;1
ixixix;Travertino;1
mattcunic03;Travertino;1
beerIsNotAcrime;Travertino;1
brandobras;Travertino;1
drstins_n;Travertino;1
helvet3;Travertino;1
man-teiv;Travertino;1
picorloca;Travertino;1
stefanoesse;Travertino;1
tallblues;Travertino;1
thatsironic_;Travertino;1
