Id,Class
TooMuchTaurine,0
Noneiiw1vpi,0
Dan_Felder,0
Nonehhaa8w2,0
feed_me_the_gherkin,0
Noneiix4yxx,0
Nordalin,0
Noneiixegew,0
Uncynical_Diogenes,0
MrSunshoes,0
Noneiiw37b3,0
Nonehhb4hqt,0
Octagore,0
leuk_he,0
Diogenedarvida,0
Noneiiw8e81,0
Dizzy_Slip,0
budgefrankly,0
mrhappyoz,0
thatguysaidearlier,0
Nonehhb77zk,0
Noneiiw3k5v,0
tehdub,0
Noneiiwkfyx,0
AppropriateAd7903,0
Noneiiwu85n,0
Noneiiwxero,0
Nonehimn5gj,0
Byron_Thomas,0
Noneiiw3e5a,0
nkt_rb,0
Smile_Space,0
essentially,0
Noneiiw66wk,0
Nonehhbmfyj,0
Noneiiykzz2,0
stemcell_,0
Noneiiw1d7w,0
loki_stg,0
Noneiivzna7,0
puffmaster5000,0
simojako,0
HappyThumb55555,0
Noneiiwvx6l,0
Noneiiwhnc2,0
Noneiiw2knn,0
zdeev,0
Sisquitch,0
Chungus_de_doo_dah,0
Noneiivz2ne,0
Noneiiwhayg,0
Noneiiwljgi,0
Contango42,0
redwolf924,0
Nonehhb66im,0
raw_cheesecake,0
livens,0
wowthatssorude,0
robhill4165,0
rando_commenter,0
alchilito,0
Noneiiwkngw,0
Aliquot126,0
Noneiiwkihu,0
Noneiiwohp9,0
pandakahn,0
Nonehh9vbqa,0
scrimshaw_,0
Noneiiwi0xj,0
Noneiiw5ib6,0
FMeInMySoftStinkyAss,0
Reddit-username_here,0
Noneiiw382g,0
lynx655,0
pajjaglajjorna,0
Noneiix0vw8,0
Noneiiw0q5b,0
dancingn1nja,0
Dangerous_Ad7552,0
cole_braell,0
Cattlegod,0
Nonehhc3pkw,0
Mr_Manfredjensenjen,0
Noneiiwl3jm,0
Noneiiymz6t,0
T_H_W,0
Noneiiw2suo,0
Method__Man,0
LividBlacksmith,0
Evipicc,0
The_Countess,0
IHave20,0
Noneiixanil,0
Noneiiwglt1,0
EmilyU1F984,0
sids99,0
Noneiiw0zx7,0
Noneiiw8285,0
Nonehhb99zw,0
Blackfire01001,0
Noneiiw363t,0
Nonehhb6rsk,0
zolikk,0
77magicmoon77,0
Poxdoc,0
Createataco,0
Noneiiw58h9,0
demintheAF,0
Noneiiwhuev,0
S_K_I,0
pate4ever,0
MadlifeMichi292,0
Heterophylla,0
Noneiiwjkqj,0
Noneiiw16hu,0
RedditOrN0t,0
Noneiiw3p5r,0
MadMax052,0
bendvis,0
WesternBlueRanger,0
Noneiiwandm,0
Tango1777,0
Noneiiwl53m,0
Ok-Psychology-1686,0
Noneiix52n4,0
mok000,0
Noneiiw4n4q,0
patiencestill,0
Noneiiwmlxr,0
VR6SLC,0
alvarezg,0
Pechumes,0
SpliffyMcSpliffFace,0
PrimaryHuckleberry11,0
Noneiiwl6pk,0
El_Zapp,0
garry4321,0
thowy256899754346,0
Imbrown2,0
Blu3Army73,0
Noneiixff6f,0
benskizzors,0
W_Hardcore,0
smurfyjenkins,0
GodlyBeerGut,0
Noneiiwoeo1,0
dijc89,0
Noneiiw82s5,0
spderweb,0
GsTSaien,0
Nonehhbadxy,0
irykiryk,0
v8xd,0
spgreenwood,0
polank34,0
Nonehhb72yu,0
DoctorKnob,0
Great-Woodpecker1403,0
BrainChicane,0
rvralph803,0
Noneiiw1ojd,0
RonaldoNazario,0
Noneiiw18f8,0
Nonehhazqhp,0
nogear,0
Nonehhb5ynu,0
Nonehhbogfm,0
Nonehhb3nsj,0
Noneiiw42uo,0
Noneiiw3313,0
Noneiiw1gsn,0
Nonehhbd0ws,0
Thebitterestballen,0
PositiveNegitive,0
Noneiivzebq,0
bookant,0
olikars,0
Nonehhb1xzc,0
Nonehhb4uaa,0
meanjake,0
ADDeviant-again,0
Noneiixfvjw,0
Orionishi,0
Noneiiww1zv,0
Canadianingermany,0
Noneiivyay6,0
Noneiiw0uw8,0
Donbearpig,0
Nonehhb4wm6,0
dmlane,0
Noneiivyr01,0
Nonehhb532j,0
Noneiiwdlc9,0
DrM934,0
Nonehhb6hzd,0
Noneiiw1eel,0
Noneiivziv9,0
Noneiiw4mmq,0
Wapptor,0
Noneiiw2i0f,0
lastGame,0
Successful-Oil-7625,0
jonsticles,0
Noneiixdlqx,0
kenlasalle,0
Landminan,0
righteous_ruse,0
Nonehhb95zh,0
Heroine4Life,0
EntangledPhoton82,0
Noneiiwbu0f,0
Nonehh9ugio,0
CenobitesAdvocate,0
Johnny_Appleweed,0
ngatipakehatokuiwi,0
Gravitationsfeld,0
OskaMeijer,0
Noneiiwqy9s,0
Noneiivynel,0
Noneiiwb3wl,0
Noneiixbmgv,0
Noneiiwb2vh,0
Noneiiwrzgu,0
Noneiivza57,0
Xdsin,0
mister_pringle,0
Noneiix6zsc,0
Noneiiw5zxt,0
Noneiiw7704,0
Noneiiw0xds,0
Howell317,0
Noneiiw3hms,0
Nonehhaiqw7,0
scotticusphd,0
Nonehhb45kh,0
Noneiiw1hd6,0
baldeagleNL,0
Noneiiw47nn,0
mattjouff,0
Noneiiwlntv,0
solvitur_gugulando,0
Noneiiwba2z,0
Noneiiwl8je,0
fwubglubbel,0
earthtone11,0
Noneiiw23cp,0
evanc3,0
Nonehhbcqgx,0
Noneiiwlcvc,0
USB-D,0
eggo,0
AqUaNtUmEpIc,0
cowhead,0
doggydogworlds,0
AdWild6753,0
Noneiix5r05,0
wut_eva_bish,0
Nonehha6v10,0
spastichabits,0
JimmiRustle,0
Noneiiwmbcq,0
Noneiiwo83d,0
JohnCrichtonsCousin,0
rockharddadbod,0
Noneiiwx1n5,0
Noneiiw4lt8,0
Nonehhb5xpa,0
Noneiiwkz2e,0
Noneiivzcd2,0
GruntBlender,0
Betancorea,0
gotbock,0
LaOnionLaUnion,0
interlockingny,0
Nonehhb5vlr,0
steampunkedunicorn,0
Noneiivyk8d,0
Ravalevis,0
Nonehhb1mdo,0
ktcholakov,0
Nonehhbbj63,0
Nonehhb9cmr,0
Nonehh9sn40,0
Nonehha3z3h,0
Noneiiwr2pp,0
Noneiix2qm5,0
Noneiiwqdw0,0
Nonehhb4fkq,0
Noneiiyf438,0
brandcapet,0
Noneiiw0k28,0
Sadifn,0
Noneiixd3sj,0
Noneiiwr13n,0
Noneiiw29l0,0
ApricatingInAccismus,0
Noneiiwo6zw,0
Noneiiw6slf,0
Noneiix0wxw,0
Noneiiw2zo3,0
Noneiivyoqd,0
Noneiix9j51,0
IamSexy-ish,1
KillerPasta777,1
Mithrandir2k16,1
Caring_Cactus,1
ApprehensivePaint128,1
finestartlover,1
ce5b,1
VictosVertex,1
stonepilot,1
tpsrep0rts,1
Dredmart,1
Nonei6ku5z9,1
HootandRally,1
Special_FX_B,1
enoughberniespamders,1
Nonei6kcg01,1
10390,1
Nonei6l1kaf,1
meh679,1
Nonei6kvdb4,1
butcher99,1
FrontButtPunt,1
InsanePurple,1
Phssthp0kThePak,1
Nonei6l41ol,1
ClassroomProof3833,1
Nonei6l2mc9,1
myersguy,1
MiIkTank,1
theSarif,1
Nonei6ky0nr,1
WoodYouBeMine,1
Nonei6k94j1,1
Nightwitch92,1
yolotrolo123,1
LopsidedBanana9291,1
OPengiun,1
Nonei6l5ed5,1
fjgwey,1
Nonei6lcgu4,1
InMemoryOfReckful,1
garbageemail222,1
Nonei6losix,1
Celtictussle,1
meresymptom,1
Nonei6ky3hb,1
B1ggusD1ggus,1
acuet,1
Nonei6lsd7p,1
Jaksmack,1
Nonei6lg44c,1
Nonei6kyzcs,1
jourmungandr,1
n4ppyn4ppy,1
Nonei6kepmr,1
wastedkarma,1
anlumo,1
Dunkaroos4breakfast,1
Nonei6l9nvp,1
kpe12,1
DogDaze76,1
onlywanperogy,1
Nonei6kc6th,1
Nonei6ks7ce,1
bububuffmelikeyoudo,1
Nonei6l9s7u,1
tee142002,1
Nonei6kseok,1
Nonei6kdx34,1
Ixionbrewer,1
large_pp_smol_brain,1
HeadLongjumping,1
YoMommaHere,1
nthlmkmnrg,1
InfiniteHatred,1
mordinvan,1
Nonei6kua6i,1
Nonei6l76m6,1
nAxzyVteuOz,1
wearesooutofplace,1
Nonei6kzli0,1
Nonei6ktmjt,1
Nonei6ldcq7,1
VortexMagus,1
planetofthemapes15,1
Barcata,1
Onbevangen,1
Kelesh,1
khem1st47,1
StalledCar,1
MarkRclim,1
CreepingUponMe,1
Nonei6l49d4,1
Aporkalypse_Sow,1
Nonei6lbuk2,1
CaptainQuadmay,1
decade_long_lurker,1
TheSirWellington,1
life_changing3000,1
Nonei6l4qw6,1
jepppu,1
DanishWonder,1
hacksoncode,1
nick11221,1
SneakyKain,1
Nonei6kyj98,1
kslusherplantman,1
Mounta1nK1ng,1
Gormungladius,1
Nonei6ka3a4,1
Trala_la_la,1
Nonei6kfawf,1
Galactic-Z,1
Semanticss,1
UnpopularUnsaidTruth,1
Memorydump1105,1
Nonei6ljytm,1
Marrymechrispratt,1
loscornballs,1
Nonei6kcip2,1
AlignedBuckle36,1
Nonei6kfebn,1
vook485,1
Nonei6l46k9,1
Nonei6l4fgk,1
Only_illegalLPT,1
Legitimate_Object_58,1
Nonei6ku3bz,1
kenahoo,1
Nonei6l6dv3,1
Kolzilla2,1
Nonei6ktp87,1
Nonei6l3bew,1
Nonei6lfq43,1
williamwchuang,1
Nonei6qtieb,1
OnwardsBackwards,1
Nonei6kxkdl,1
shableep,1
morblitz,1
dicks4harambe1,1
CarterX25,1
Nonei6ku9kd,1
zEconomist,1
Fluffy-Comparison-48,1
Nonehf9yqlc,1
Nonei6ladgz,1
No-Reflection-2342,1
ElemenoPea77,1
ohhhta,1
squirrelpotpie,1
Nonei6kgxq5,1
Agile_Pudding_,1
thatjacob,1
Destination_Centauri,1
ddr1ver,1
first__citizen,1
OldSchoolHardcoreG,1
Nonei6lppzm,1
Nonei6kscg2,1
Nonei6lausc,1
DeepLearningStudent,1
sticks14,1
D3SP1S3D1C0N,1
BigbunnyATK,1
Astromike23,1
LizardFishLZF,1
Nonei6kg8x5,1
adolfspalantir,1
Nonei6lk5i0,1
Nonei6ljsmt,1
bobvonbob,1
Hefty-Barber-8256,1
Nonei6kvy1s,1
Nonei6khy4s,1
Illustrious_Gap4794,1
Critterer,1
Nonei6lyapp,1
HungryAccount1704,1
Robd360,1
sportsjorts,1
Dubcekification,1
DwigtGroot,1
powellquesne,1
AllanfromWales1,1
tooth_mascarpone,1
Zealot_TKO,1
timepiecery,1
thisispoopoopeepee,1
Nonei6kswhn,1
Nonei6kxaxq,1
carrotwax,1
Nonei6kibqp,1
Nonei6l48qu,1
kzbx,1
TheOneCalledD,1
Catoctin_Dave,1
GreenGamma047,1
Nonei6kvatb,1
Nonei6l7hbb,1
Nonei6kwi89,1
iScreamsalad,1
aqlu,1
thelastestgunslinger,1
xavisavi,1
Nonei6k4z3e,1
PhallicB4ldwin,1
The_Keyser,1
Nonei6kg9w6,1
Learnformyfam,1
Minpwer,1
3dPrintedBacon,1
mothraballsoup,1
crusoe,1
JDaLionHeart,1
Nonei6l63y8,1
spankymcmannis,1
Grunslik,1
Stealthosaursus,1
rydan,1
RamadanPastamon,1
Nonei6l0qfr,1
orphankittenhomes,1
Nonei6lf1ly,1
ArtFewl,1
Plankerwoodsyes,1
Nonei6kwdqt,1
NEILBEAR_EXE,1
hamsammy4u,1
Nonei6ksujx,1
Nonehfacalc,1
RepresentativeArm389,1
grand_total,1
Nonei6krxvq,1
Nonei6kg13v,1
Nonei6k477j,1
Professional_Group33,1
smcrae73,1
tisthem1913,1
Nonei6l4ds6,1
BasicComplexities,1
wtfever2k17,1
Nonei6l3ju4,1
CassiHuygens,1
Afytron,1
flarthestripper,1
Nonei6lc6qh,1
Nonei6ldxwp,1
Gozillasbday,1
Kaffeinemachine,1
rainbow658,1
William_Harzia,1
crushplanets,1
dasWolverine,1
schnappi357,1
Viroplast,1
Nonei6lkla9,1
Nonei6llq72,1
Dragharious,1
Nonei6lsdh7,1
distressedweedle,1
Nonei6keufw,1
soldiergeneal,1
kyo20,1
BillyCee34,1
MinimumWear,1
Nonei6lhdzq,1
Nonei6l0dyw,1
JE_Friendly,1
VitiateKorriban,1
Nonehh3v4hp,1
Nonei6kuudf,1
ApesInCharge,1
Antiquemachinist,1
Nonei72tclo,1
Nonei6kdg3w,1
the-other-car,1
Nonei6ldxhy,1
Maelas84,1
lemmong,1
SimbaOnSteroids,1
medfreak,1
Nonei9mbpvt,1
Nonei6lip6g,1
ulchachan,1
willun,1
Nonei6ln10j,1
RagingAnemone,1
Nonei6n2q1g,1
Nonei6kuh6q,1
DissolutionedChemist,1
Nonehh114gr,1
BenjaminHamnett,1
Ehrmagerdden,1
PantsOnHead88,1
dixadik,1
Nonei6k9o46,1
Nonei6l3oaz,1
Phemto_B,1
BoomZhakaLaka,1
-Kleeborp-,1
CriticalPolitical,1
